employee_id,first_name,last_name,email,phone,gender,hire_date,salary,designation,store_id
1,Wishi,Bala,narangekaja@example.com,7980441509,Female,2019-07-02,74612,Store Manager,46
2,Tripti,Krishnan,mohanavi@example.net,4830721699,Female,2020-03-21,20927,Cashier,11
3,Janani,Bajaj,om77@example.com,3351492300,Female,2020-10-10,27804,Customer Support,35
4,Lakshmi,Joshi,bawalohit@example.com,6717584121,Female,2023-07-22,53341,Sales Executive,27
5,Damyanti,Nayak,omajamohanty@example.net,6591388883,Female,2020-10-31,18583,Customer Support,30
6,Hritik,Wali,ravibhavini@example.net,8801391293,Male,2021-03-01,36399,Store Manager,21
7,Lila,Nagarajan,nachiket45@example.org,2583838942,Female,2019-10-01,45066,Cashier,35
8,Dayita,Divan,ldhar@example.com,5896717104,Female,2020-05-26,65162,Sales Executive,32
9,Libni,Pandey,wakeetavenkatesh@example.net,5815312234,Female,2019-07-20,66409,Cashier,7
10,Kabir,Ganesh,anthonyroy@example.net,6474629909,Male,2021-10-24,59947,Inventory Executive,26
11,Jagat,Sarma,fsahni@example.net,6704289807,Male,2020-04-18,67271,Store Manager,26
12,Vasana,Deol,samuel13@example.net,1554022570,Female,2024-11-24,52562,Customer Support,36
13,Ishaan,Uppal,badalsaumya@example.com,2863039763,Male,2019-12-01,72455,Customer Support,8
14,Wyatt,Sheth,harinimemon@example.net,3025393619,Male,2020-08-29,76956,Inventory Executive,5
15,Arjun,Wason,svig@example.net,1594723825,Male,2024-10-23,44130,Sales Executive,4
16,Tamanna,Ram,goyalhemani@example.com,4400795703,Female,2019-03-31,57794,Store Manager,49
17,Siddharth,Mander,tbhargava@example.com,4903889913,Male,2024-10-15,77617,Store Manager,13
18,Aayush,Doshi,ntak@example.net,9870696490,Male,2024-07-11,53035,Cashier,33
19,Vritti,Contractor,xsathe@example.net,4073733829,Female,2021-11-13,60920,Inventory Executive,40
20,Janya,Menon,zayan79@example.org,2089669869,Female,2020-09-16,56202,Inventory Executive,41
21,Jason,Parsa,jagat71@example.org,8980436081,Male,2024-04-30,24284,Cashier,34
22,Maanas,Keer,ayushahluwalia@example.net,4405551263,Male,2023-07-04,73803,Sales Executive,40
23,Urishilla,Pandya,pandyavrishti@example.com,3594565047,Female,2026-04-19,36236,Inventory Executive,50
24,Harita,Babu,fdubey@example.net,0224644335,Female,2026-05-29,28625,Inventory Executive,34
25,Imaran,Sant,manthanhayer@example.net,5520120411,Male,2023-09-26,42384,Customer Support,10
26,Ranbir,Rai,kramaswamy@example.net,6600653266,Male,2022-12-29,30876,Customer Support,1
27,Advik,Mall,yochanapant@example.net,9204424287,Male,2026-03-25,25522,Sales Executive,16
28,Jagvi,Sanghvi,rbhat@example.org,1714405209,Female,2024-12-15,65316,Customer Support,45
29,Yashasvi,Upadhyay,nathaniel27@example.org,4273233891,Female,2021-03-15,63742,Inventory Executive,12
30,Fiyaz,Khatri,ydeo@example.com,8702447557,Male,2026-01-23,31838,Sales Executive,10
31,Aradhana,Garde,ahluwaliajairaj@example.com,3342363194,Female,2020-05-14,39741,Sales Executive,33
32,Owen,Suri,anjalipingle@example.net,4262810447,Male,2024-09-09,66111,Customer Support,25
33,Zarna,Chauhan,adixit@example.net,2056456082,Female,2020-12-23,61239,Sales Executive,36
34,Umang,Seshadri,siyatak@example.com,5263728603,Male,2024-08-22,38864,Store Manager,32
35,Janani,Mallick,khalsaadvika@example.com,0054528034,Female,2025-10-28,32317,Sales Executive,25
36,Joshua,Chawla,vohrajanani@example.net,9085225877,Male,2024-11-07,22287,Sales Executive,20
37,Ekaja,Kale,maanasbansal@example.org,0996080761,Female,2025-01-30,50337,Cashier,8
38,Nilima,Bahl,widishasubramaniam@example.net,7047049955,Female,2024-10-19,73506,Inventory Executive,39
39,Michael,Pathak,christopher96@example.org,8950712843,Male,2022-07-11,22659,Store Manager,41
40,Bahadurjit,Bhatia,balakrishnantarak@example.com,3219846410,Male,2019-11-22,32555,Cashier,45
41,Zashil,Mand,ssabharwal@example.net,2512628034,Male,2025-09-30,62963,Cashier,11
42,Yashica,Gera,gautam24@example.org,4296419236,Female,2023-01-16,49074,Sales Executive,35
43,Yochana,Menon,tripathiaahana@example.org,7609114896,Female,2026-01-06,39209,Inventory Executive,40
44,Yahvi,Golla,bhavinikota@example.org,7899324414,Female,2022-09-09,37049,Sales Executive,2
45,Gavin,Kumer,vasanamagar@example.org,8018438864,Male,2023-03-23,60401,Sales Executive,5
46,Ria,Thaman,gayathri42@example.com,3301344027,Female,2023-04-15,28152,Store Manager,40
47,Kamya,Boase,anjali22@example.org,8929253979,Female,2022-11-01,25564,Customer Support,43
48,Ojas,Bal,harishverma@example.com,1002474063,Male,2022-09-05,62678,Store Manager,34
49,Balhaar,Sinha,wagarwal@example.com,7892932771,Male,2023-05-05,28393,Store Manager,9
50,Jagvi,Kaur,banerjeevarenya@example.net,2181944419,Female,2019-01-20,58150,Store Manager,37
51,Chasmum,Chaudhary,echokshi@example.com,1129200155,Female,2019-08-26,22357,Sales Executive,39
52,Rehaan,Palla,nsharma@example.com,7472572362,Male,2018-11-02,36295,Customer Support,34
53,Vritti,Hari,gramakrishnan@example.org,9006480411,Female,2026-02-18,78722,Customer Support,45
54,Anusha,Thaker,wishijayaraman@example.net,5880963479,Female,2020-10-07,34975,Sales Executive,32
55,Radha,Choudhary,pguha@example.org,5382923017,Female,2022-03-18,35394,Cashier,20
56,Gopal,Jain,faraschhabra@example.org,4080987326,Male,2026-06-13,77890,Sales Executive,21
57,Harinakshi,Prashad,radhika18@example.com,7384337948,Female,2020-05-18,22627,Store Manager,14
58,Abeer,Mittal,zinal12@example.com,4049535839,Male,2024-10-21,33411,Customer Support,47
59,Lipika,Choudhary,nimrat84@example.com,0157331052,Female,2021-06-22,37059,Sales Executive,50
60,Sanaya,Maharaj,tanand@example.net,4098648028,Female,2020-02-13,21799,Store Manager,6
61,Peter,Barad,dalajadugal@example.net,2381966728,Male,2023-02-20,65671,Store Manager,9
62,Abdul,Batta,avnidugar@example.net,6194532518,Male,2026-04-29,48161,Cashier,42
63,Ladli,Chadha,narayanananjali@example.org,8079000731,Female,2021-02-28,70205,Inventory Executive,18
64,Megha,Aggarwal,zachariahaachal@example.com,7719243902,Female,2025-01-27,71232,Sales Executive,2
65,Hemangini,Kara,ubajaj@example.org,1163620489,Female,2022-05-23,27545,Store Manager,49
66,Lekha,Bhasin,hemaramaswamy@example.com,3018842173,Female,2021-02-10,77130,Customer Support,27
67,Nikita,Srinivas,aradhana10@example.net,6298899963,Female,2023-03-08,39107,Customer Support,35
68,Sai,Gill,rkota@example.net,2874837558,Female,2019-04-06,58411,Inventory Executive,46
69,Ridhi,Cheema,barkharaja@example.com,6358297341,Female,2023-09-23,47164,Store Manager,26
70,Yug,Dugar,shivani77@example.com,6437419576,Male,2023-08-12,76017,Customer Support,7
71,Yashica,Singh,dgour@example.org,7147400933,Female,2025-09-01,75914,Inventory Executive,27
72,Warjas,Kapoor,fyohannan@example.org,9520905004,Male,2023-09-15,20405,Sales Executive,46
73,Jeremiah,Bhagat,tbail@example.net,8195809929,Male,2020-10-07,27070,Store Manager,23
74,Ira,Chandra,ati52@example.com,3164996298,Female,2021-08-11,75259,Cashier,10
75,Indali,Shankar,tellayug@example.com,6076564198,Female,2025-05-10,72874,Customer Support,11
76,Amara,Varghese,oliverhegde@example.org,9598550556,Female,2018-08-06,33486,Store Manager,25
77,Veer,Jayaraman,hredhaan85@example.org,8528295095,Male,2020-05-27,74793,Cashier,50
78,Zaid,Raghavan,janaki22@example.com,4951228625,Male,2026-04-25,73864,Inventory Executive,2
79,Vinaya,Gera,eshanachacko@example.net,0149028793,Female,2023-05-18,40472,Inventory Executive,16
80,Hemani,Manda,garimadivan@example.com,5091150754,Female,2024-02-27,46103,Cashier,26
81,Sudiksha,Butala,igour@example.net,4967502906,Female,2022-06-21,72649,Store Manager,36
82,Janya,Thakur,uppalumang@example.com,4138570979,Female,2022-03-31,65802,Cashier,7
83,Amruta,Sengupta,krish34@example.com,8811745507,Female,2022-01-18,28644,Store Manager,42
84,Theodore,Bajaj,chadveda@example.com,2717397656,Male,2022-11-10,26383,Store Manager,14
85,Laban,Dar,urishillasarin@example.com,0285579060,Male,2021-05-22,25922,Customer Support,6
86,Guneet,Buch,maniamol@example.org,3650899739,Male,2023-06-16,54466,Cashier,7
87,Hamsini,De,sahotachampak@example.com,3642632452,Female,2021-10-01,40339,Store Manager,37
88,Harish,Biswas,hmitter@example.org,0611590930,Male,2020-03-11,37112,Cashier,18
89,Jagdish,Sabharwal,cgarde@example.org,5037719064,Male,2020-08-04,37711,Sales Executive,4
90,Jack,Halder,hdube@example.net,6580068882,Male,2021-03-29,41432,Store Manager,19
91,Nandini,Modi,aram@example.org,9063953175,Female,2018-09-08,19862,Customer Support,10
92,Bhanumati,Sachdeva,bnagar@example.org,3853495374,Female,2021-04-26,23369,Sales Executive,29
93,Jagrati,Devan,anay34@example.com,8717888513,Female,2020-06-18,18421,Sales Executive,11
94,Yochana,Sawhney,ojasvitailor@example.net,3635448004,Female,2024-10-01,70870,Customer Support,8
95,Raghav,Tiwari,ikshitaanne@example.org,4293472002,Male,2019-04-07,34522,Customer Support,25
96,Ishwar,Joshi,liamsha@example.com,5529330199,Male,2023-06-09,66451,Inventory Executive,40
97,Farhan,Gole,eiravativirk@example.net,8456187420,Male,2020-03-02,28571,Inventory Executive,36
98,Nilima,Venkataraman,manesachi@example.org,5499903340,Female,2023-10-21,61012,Sales Executive,28
99,Anmol,Dhaliwal,chandreshwali@example.net,2810327051,Male,2025-07-01,19156,Sales Executive,40
100,Yagnesh,Bhatia,xbhatia@example.org,4491056192,Male,2018-08-29,50607,Inventory Executive,20
101,Kiaan,Subramaniam,nakshmurthy@example.net,5750176732,Male,2024-07-30,59868,Store Manager,48
102,Chakradhar,Badal,vasudha21@example.com,9819981825,Male,2024-08-09,64036,Sales Executive,6
103,Leena,Khare,vincentmitra@example.net,5847479274,Female,2019-08-14,48321,Inventory Executive,7
104,Prisha,Kunda,boranikita@example.com,2578366069,Female,2024-09-21,79393,Inventory Executive,26
105,Hemang,Kalla,advay78@example.org,4297684980,Male,2024-02-23,26005,Store Manager,43
106,Falan,Verma,danielde@example.org,0191779422,Male,2022-08-19,50288,Customer Support,24
107,Frederick,Dash,sidhuindrajit@example.org,0100879133,Male,2024-06-28,66033,Customer Support,42
108,Kritika,Basak,guptasamarth@example.net,9488552487,Female,2021-05-11,72956,Cashier,21
109,Thomas,Nagarajan,qdalia@example.org,6768654596,Male,2021-11-18,33374,Inventory Executive,7
110,Sanya,Yogi,nathanmuni@example.net,4534123451,Female,2021-02-17,37955,Cashier,14
111,Oeshi,Chauhan,balvan33@example.net,8909398366,Female,2018-12-14,27333,Customer Support,50
112,Qabil,Sankaran,nayarvinaya@example.net,4475973990,Male,2022-03-18,58421,Store Manager,19
113,Girindra,Johal,wableharrison@example.com,6002525056,Male,2020-01-31,31752,Cashier,32
114,Ganga,Rout,ayohannan@example.com,9409989871,Female,2019-01-04,35891,Store Manager,46
115,Theodore,Sama,edhithanatarajan@example.com,8372024334,Male,2021-11-26,29763,Store Manager,48
116,Geetika,Vig,gaganshan@example.net,4954274021,Female,2018-10-12,76240,Inventory Executive,12
117,Viraj,Rao,joshua67@example.org,3157985878,Male,2018-08-20,27117,Customer Support,3
118,Rayaan,Joshi,abali@example.org,8763341518,Male,2026-04-10,55390,Store Manager,39
119,Ethan,Chahal,ganeshreva@example.com,4252153898,Male,2023-11-16,40093,Sales Executive,7
120,Yashoda,Badal,ishwar24@example.net,6525536700,Female,2025-06-01,46177,Cashier,11
121,Gaurika,Sathe,chamanraj@example.net,3119342724,Female,2021-08-08,56637,Cashier,7
122,Advika,Lal,noah27@example.org,9817633163,Female,2023-06-17,72256,Cashier,22
123,Zashil,Rattan,inaya71@example.org,7637814384,Male,2021-08-08,75828,Store Manager,8
124,Leela,Prabhu,manderkaran@example.net,8695850282,Female,2024-01-29,45026,Inventory Executive,5
125,Bahadurjit,Dada,yasti69@example.org,7384872334,Male,2024-12-15,27481,Sales Executive,42
126,Praneel,Wali,fdada@example.net,7517210323,Male,2022-07-27,55956,Store Manager,14
127,Noah,Singh,inatarajan@example.com,2821613028,Male,2022-07-12,78526,Sales Executive,35
128,Krisha,Dar,balasubramaniangabriel@example.org,9049394565,Female,2022-09-06,69169,Customer Support,37
129,Pahal,Samra,rajagopalananita@example.net,7680286568,Female,2021-03-16,42810,Customer Support,4
130,Arjun,Dhaliwal,aradhana32@example.com,5666752608,Male,2022-05-24,31225,Customer Support,23
131,Janya,Bhavsar,madanoeshi@example.net,0711733812,Female,2021-04-04,42739,Customer Support,16
132,Aishani,Mukhopadhyay,aarushbuch@example.com,3475333854,Female,2020-02-16,78839,Inventory Executive,45
133,Niharika,Dewan,rayjackson@example.org,8590743003,Female,2024-08-20,50160,Cashier,6
134,Isaac,Ramesh,amol66@example.com,9859359763,Male,2023-10-10,76353,Store Manager,38
135,Gopal,Naik,sidhudarika@example.org,3425883652,Male,2024-04-24,74088,Customer Support,26
136,Nimrat,Kadakia,menondayita@example.org,9175561798,Female,2025-04-04,45158,Inventory Executive,10
137,Fiyaz,Narula,udantbajaj@example.com,9994424993,Male,2021-08-26,65011,Sales Executive,10
138,Yutika,Merchant,ishaanmall@example.org,4955846608,Female,2019-05-01,22661,Store Manager,11
139,Bina,Iyer,ayaanthakur@example.com,2139545092,Female,2026-04-05,47578,Cashier,31
140,Ekavir,Mane,jairaj77@example.net,8680310362,Male,2021-12-01,49333,Customer Support,13
141,Harinakshi,Saini,pchaudhuri@example.com,7837590625,Female,2023-08-15,54434,Inventory Executive,18
142,Krishna,Varughese,badamiwarda@example.net,1286141844,Male,2023-12-05,68661,Sales Executive,38
143,Rishi,Sarma,zsarraf@example.org,8657673716,Male,2022-06-22,54072,Inventory Executive,27
144,Aahana,Bora,kjhaveri@example.com,8165251476,Female,2022-04-17,65836,Store Manager,7
145,Orinder,Goel,ynagi@example.net,1298314746,Male,2026-05-08,42126,Cashier,37
146,Amaira,Som,zbuch@example.com,0575905488,Female,2020-08-25,41218,Inventory Executive,20
147,Azaan,Raju,emanda@example.com,1962723958,Male,2025-06-16,28414,Inventory Executive,5
148,Yoshita,Bansal,fsehgal@example.org,0635499712,Female,2021-12-01,75499,Sales Executive,1
149,Faris,Wason,yatananand@example.net,0407570784,Male,2023-11-11,56893,Inventory Executive,48
150,Shravya,Golla,veer83@example.org,3054371010,Female,2019-08-26,43280,Store Manager,11
151,Anmol,Kota,azaan17@example.com,9261548933,Male,2019-12-22,56640,Store Manager,40
152,Jai,Goyal,nviswanathan@example.net,1279156227,Male,2020-11-10,78158,Store Manager,21
153,Yashoda,Soni,saminathan@example.org,2350032156,Female,2025-12-15,26763,Customer Support,3
154,Amara,Bhalla,somalka@example.org,5918904214,Female,2019-08-29,64131,Customer Support,27
155,Ojas,Wali,tanveerbalasubramanian@example.com,7715515821,Male,2020-04-20,18078,Inventory Executive,26
156,Eiravati,Dixit,chandranbir@example.com,7142319796,Female,2021-08-05,61707,Sales Executive,3
157,Ladli,Prabhakar,chaitalysant@example.com,6853321806,Female,2024-12-16,49318,Store Manager,1
158,Yashoda,Bhakta,xborde@example.net,7590097745,Female,2020-06-14,33739,Inventory Executive,17
159,Falguni,Bhakta,sankarvamakshi@example.net,7148393218,Female,2026-06-03,79253,Cashier,43
160,Wyatt,Deshpande,saumyaroy@example.net,6790439236,Male,2021-04-05,43443,Store Manager,34
161,Christopher,Om,ksani@example.com,5581574708,Male,2021-11-02,50535,Customer Support,17
162,Owen,Sahota,ayaanwalla@example.net,3154641961,Male,2022-03-15,74197,Cashier,11
163,Luke,Sathe,balgavin@example.net,5272046755,Male,2019-08-29,30068,Inventory Executive,15
164,Jeremiah,Bora,ravioscar@example.com,1234048277,Male,2019-07-27,79787,Store Manager,22
165,Veer,Zachariah,pranav69@example.net,0491484438,Male,2018-07-28,28260,Store Manager,22
166,Falguni,Trivedi,deshpandepranav@example.net,8735381919,Female,2021-09-20,28718,Sales Executive,1
167,Anamika,Handa,gloyal@example.com,4345652623,Female,2026-04-10,78938,Customer Support,11
168,Bhavani,Shah,nsubramanian@example.org,4529329473,Female,2019-08-23,59546,Customer Support,42
169,Darpan,Madan,battavictor@example.com,8404937880,Male,2021-05-13,48449,Customer Support,4
170,Amruta,Prakash,jalsamahajan@example.net,7167254584,Female,2020-04-07,32805,Inventory Executive,9
171,Varsha,Raval,qramachandran@example.com,8651584585,Female,2021-03-16,60663,Cashier,26
172,Omya,Sen,andrew45@example.com,6153972402,Female,2023-06-04,31307,Customer Support,3
173,Dayamai,Chanda,mkala@example.com,0341172240,Female,2026-03-08,28051,Cashier,10
174,Daksha,Bhatti,anirudhramachandran@example.org,3020877052,Female,2025-09-19,73072,Customer Support,30
175,Nathaniel,Dora,shahneel@example.com,6371123506,Male,2023-09-10,32789,Cashier,39
176,Nirja,Narayan,bhavya18@example.com,3713518618,Female,2019-09-10,63080,Store Manager,37
177,Aadhya,Mahal,gnarula@example.com,5424365948,Female,2021-06-15,32751,Inventory Executive,48
178,Isaiah,Yogi,goursanaya@example.com,3327771910,Male,2026-01-22,29428,Store Manager,3
179,Ranbir,Ben,vyanjana92@example.com,4887952447,Male,2020-10-16,55516,Cashier,5
180,Jeevika,Balasubramanian,italwar@example.net,5901446043,Female,2025-12-16,21479,Cashier,9
181,Harinakshi,Prashad,ubains@example.org,3954305641,Female,2019-07-13,74957,Sales Executive,11
182,Omkaar,Rege,siyabaral@example.com,5657183127,Male,2022-10-01,55525,Customer Support,30
183,Vivaan,Batta,qchahal@example.net,6554930195,Male,2024-11-06,30326,Customer Support,37
184,Azad,Divan,shenoyowen@example.com,9594220084,Male,2022-12-05,33674,Sales Executive,21
185,Zayyan,Nanda,onikunda@example.com,4312735409,Male,2023-05-29,36591,Customer Support,45
186,Oscar,Pandya,tarabalan@example.net,2305831792,Male,2025-09-13,32323,Customer Support,49
187,Ridhi,Kale,deolraksha@example.net,7118345912,Female,2025-06-10,46523,Store Manager,23
188,Praneel,Bali,kuriantamanna@example.net,6179178185,Male,2022-07-15,18259,Inventory Executive,16
189,Maanav,Iyer,atwalchakrika@example.com,4518645837,Male,2025-08-05,41390,Inventory Executive,14
190,Hredhaan,Sehgal,niharika68@example.org,2001367861,Male,2024-05-18,53779,Customer Support,32
191,Aditya,Ramesh,krishnisha@example.net,5497489964,Male,2019-10-25,41156,Customer Support,35
192,Upadhriti,Sarkar,obalakrishnan@example.net,0215691402,Female,2023-07-26,28988,Inventory Executive,36
193,Vansha,Ramanathan,girikkhurana@example.net,5633020751,Female,2024-06-04,31964,Store Manager,6
194,Ekani,Pall,anmol91@example.com,1578255565,Female,2025-04-24,66441,Sales Executive,43
195,Harsh,Lall,yashodhara20@example.net,8948952901,Male,2022-09-21,69344,Inventory Executive,23
196,Warjas,Sane,kchada@example.net,2558690084,Male,2020-10-31,57215,Customer Support,24
197,Faras,Bandi,acharyajeremiah@example.com,9468213273,Male,2020-08-30,69979,Customer Support,34
198,Riya,Goswami,vkunda@example.com,5395184732,Female,2025-09-27,58356,Customer Support,35
199,Dalbir,Comar,saumya07@example.net,3819343284,Male,2025-11-09,44985,Inventory Executive,48
200,William,Singh,banjeet81@example.com,9237121056,Male,2024-01-19,68279,Store Manager,22
201,Azaan,Bakshi,watikachand@example.com,3997643930,Male,2021-05-13,56275,Cashier,44
202,Mitesh,Dada,guptabalvan@example.org,3861741249,Male,2022-09-28,77429,Cashier,25
203,Gaurang,Apte,qgara@example.net,4085541475,Male,2020-06-23,20032,Inventory Executive,34
204,Akshay,Sibal,rajeshrimemon@example.org,0635242249,Male,2025-12-26,54317,Store Manager,29
205,Azad,Shroff,dgarde@example.org,2285769802,Male,2023-01-02,38246,Store Manager,8
206,Victor,Patil,udyatigara@example.net,9497711972,Male,2020-12-31,56051,Customer Support,25
207,Sarthak,Vaidya,vtoor@example.net,6529915362,Male,2022-10-25,71815,Customer Support,27
208,Gagan,Joshi,ladodika@example.org,7053923760,Male,2021-07-26,48662,Customer Support,13
209,Nirja,Bhagat,abhathakkar@example.com,8776115584,Female,2019-12-15,67815,Inventory Executive,19
210,Upasna,Bera,diyakale@example.net,7752011001,Female,2026-01-26,49546,Store Manager,45
211,Odika,Sanghvi,tandonvritti@example.org,5226850448,Female,2019-09-24,51957,Sales Executive,25
212,Keya,Patil,zsrinivas@example.net,9904767502,Female,2025-09-28,74360,Cashier,49
213,Prisha,Kant,zchad@example.com,9224401462,Female,2018-09-03,33758,Sales Executive,5
214,Bhavna,Dutta,falguniratti@example.org,1141592052,Female,2024-11-17,48177,Inventory Executive,30
215,Geetika,Gopal,bmall@example.net,9310450105,Female,2025-06-16,35242,Cashier,2
216,Aarav,Dara,chaitanyaprashad@example.net,3064397144,Male,2023-12-11,29248,Sales Executive,13
217,Reva,Mutti,imaranandra@example.org,9211859840,Female,2023-11-13,59657,Inventory Executive,41
218,Radhika,Rajan,kapurdaksh@example.net,6364856823,Female,2022-06-27,23445,Sales Executive,23
219,Falguni,Kara,wyattprabhakar@example.net,4196685264,Female,2024-03-09,38402,Sales Executive,11
220,Devansh,Thakur,anay67@example.org,4289572078,Male,2024-07-13,56200,Inventory Executive,37
221,Pratyush,Nayar,manan95@example.org,5344380050,Male,2021-08-02,68316,Sales Executive,2
222,Urmi,Contractor,sachdevrajata@example.com,6832865089,Female,2019-02-22,52547,Customer Support,7
223,Vincent,Shah,meerasidhu@example.org,7774058254,Male,2025-11-12,61172,Sales Executive,33
224,Pahal,Garde,dadasiddharth@example.net,2782103813,Female,2018-10-09,39407,Inventory Executive,10
225,Inaya,Lal,ngala@example.net,5207679477,Female,2019-06-17,26545,Sales Executive,27
226,Parth,Dara,jason97@example.org,5727834188,Male,2021-03-14,31737,Sales Executive,10
227,Nidhi,Kuruvilla,pborde@example.com,2186050759,Female,2020-01-02,61505,Cashier,25
228,Sarthak,Sem,kchhabra@example.com,4448192621,Male,2023-01-16,50275,Sales Executive,46
229,Rudra,Shenoy,hritikjaggi@example.net,4559352745,Male,2021-04-20,79243,Customer Support,20
230,Zaitra,Nigam,yraj@example.net,3020167729,Female,2024-03-19,57762,Customer Support,49
231,Chavvi,Dass,xtripathi@example.com,7058480037,Female,2025-04-20,28162,Cashier,49
232,Tejas,Magar,orinder67@example.com,2919134769,Male,2025-08-13,51875,Inventory Executive,40
233,Robert,Luthra,andrakamya@example.org,2160996091,Male,2022-09-21,47599,Sales Executive,4
234,Jason,Krishnamurthy,ria35@example.org,1322508767,Male,2022-08-27,36294,Store Manager,34
235,Shivani,Gera,fitan47@example.net,6739831341,Female,2024-01-01,79113,Store Manager,4
236,Naveen,Chand,hchandran@example.net,3966012683,Male,2022-10-15,79625,Sales Executive,26
237,Pushti,Dhar,ygopal@example.com,6150845064,Female,2020-03-04,29060,Store Manager,18
238,Chanakya,Tripathi,dsastry@example.net,6746376160,Male,2020-03-10,39631,Sales Executive,30
239,Mugdha,Nori,dayamaibala@example.net,7117698935,Female,2022-04-30,43686,Inventory Executive,37
240,Abeer,Goswami,riyarama@example.com,6002448711,Male,2018-12-30,45891,Cashier,23
241,Aishani,Mand,bhattshaurya@example.com,5257901257,Female,2023-09-15,24687,Store Manager,3
242,Mason,Basak,wpuri@example.net,1774383487,Male,2023-07-11,18843,Cashier,22
243,Wishi,Murthy,dashunnati@example.net,0985507268,Female,2019-12-16,19323,Store Manager,31
244,Nitesh,Trivedi,jhalak39@example.com,7778241534,Male,2023-01-06,38682,Store Manager,12
245,Tamanna,Uppal,bkashyap@example.org,3537871169,Female,2024-02-01,40937,Cashier,18
246,Mugdha,Dua,yashodharanayak@example.org,5314445226,Female,2021-03-28,60765,Sales Executive,24
247,Maya,Dutt,kapooreta@example.org,7744985082,Female,2021-11-30,38228,Sales Executive,31
248,Jasmit,Kapur,vagarwal@example.net,7084222242,Female,2024-11-19,35165,Cashier,3
249,Shivansh,Dubey,zachariatejas@example.net,3364929828,Male,2020-05-08,54049,Cashier,32
250,Gayathri,Loyal,ythakur@example.org,0367891053,Female,2021-10-13,44600,Customer Support,39
251,Janya,Chakraborty,dugarsaumya@example.org,2839687670,Female,2024-09-19,40725,Store Manager,37
252,Rudra,Soman,spal@example.com,3706355671,Male,2022-06-15,28585,Cashier,29
253,Jalsa,Borde,meghana69@example.com,9361204895,Female,2021-05-17,34978,Customer Support,50
254,Hredhaan,Pradhan,magaryatin@example.com,6031880375,Male,2023-05-15,65565,Customer Support,42
255,Irya,Gaba,hemanginiben@example.org,4251451985,Female,2018-08-07,77761,Inventory Executive,8
256,Ryan,Ahuja,shivani67@example.com,8818889635,Male,2020-01-26,64491,Customer Support,23
257,Sai,Devi,dewanomya@example.org,0799356477,Female,2021-06-01,21890,Customer Support,46
258,Rachit,Sem,munibrinda@example.net,4313589447,Male,2019-08-09,67649,Inventory Executive,37
259,Hema,Brar,hsanghvi@example.net,0927247096,Female,2020-05-04,49128,Customer Support,16
260,Triveni,Ravel,indali97@example.com,0628806114,Female,2022-12-01,63577,Sales Executive,8
261,Bishakha,Banik,morarvasatika@example.net,4957399594,Female,2021-07-26,45664,Sales Executive,38
262,Damyanti,Ramakrishnan,champakmaster@example.net,1345244982,Female,2024-07-02,39146,Sales Executive,13
263,Aadhya,Dara,khalsaaahana@example.net,9606340844,Female,2018-08-10,32075,Customer Support,21
264,Chaitaly,Nazareth,sameshdoshi@example.org,2919415785,Female,2018-10-18,77871,Cashier,17
265,Anusha,Chaudhry,avniandra@example.net,5415028327,Female,2023-01-24,36934,Sales Executive,30
266,Yagnesh,Raj,reva58@example.net,5196140708,Male,2023-06-20,34926,Store Manager,6
267,Qasim,Sama,ekanshtella@example.com,7727011719,Male,2025-11-29,60586,Customer Support,36
268,Xavier,Walia,gagan17@example.org,6764522018,Male,2025-03-23,27519,Store Manager,36
269,Fiyaz,Dugar,vincentram@example.org,0923768107,Male,2023-07-20,36670,Customer Support,5
270,Harini,Kar,luketripathi@example.net,1562777696,Female,2020-05-13,66389,Store Manager,21
271,Devika,Bahl,pahal80@example.org,0830640543,Female,2025-06-28,48361,Sales Executive,34
272,Oliver,Narula,shrofffariq@example.com,1529678365,Male,2026-04-20,35736,Sales Executive,40
273,Vansha,Choudhary,ekhanna@example.net,5608523284,Female,2018-10-20,22351,Store Manager,40
274,Veda,Dar,oommenaditya@example.net,7834274381,Female,2020-08-14,78080,Store Manager,13
275,Jason,Uppal,chaayadua@example.net,6022636926,Male,2026-06-28,59212,Cashier,44
276,Hredhaan,Toor,matthew06@example.org,0948655031,Male,2024-06-08,73330,Cashier,35
277,Anay,Vasa,odara@example.net,5074541496,Male,2024-08-20,48754,Sales Executive,50
278,Samesh,Gera,grewalkamya@example.net,1701534166,Male,2020-06-19,68769,Cashier,16
279,Tanmayi,Andra,riya79@example.net,6887286043,Female,2025-02-18,67469,Customer Support,21
280,Upkaar,Bal,utkarsh17@example.com,8438832236,Male,2021-01-20,52663,Cashier,35
281,Kalpit,Kalita,henrychakraborty@example.com,7180409815,Male,2019-07-29,30303,Customer Support,25
282,Urishilla,Taneja,tanishdyal@example.org,2116997291,Female,2019-06-21,20750,Store Manager,50
283,Qadim,Natarajan,darika39@example.com,1876349059,Male,2019-12-30,23525,Cashier,37
284,Geetika,Jain,sakshammadan@example.net,8954373520,Female,2021-06-20,53467,Cashier,41
285,Wriddhish,Subramanian,faris43@example.com,0805756784,Male,2023-06-27,29033,Sales Executive,49
286,Kala,Chacko,bahlpahal@example.net,8215324843,Female,2022-01-16,44191,Sales Executive,24
287,Vivaan,Oommen,kuruvillayamini@example.org,9876938486,Male,2021-01-30,50234,Store Manager,13
288,Benjamin,Saha,peter06@example.org,0384642432,Male,2024-06-03,33608,Inventory Executive,12
289,Balvan,Bhatt,xdhaliwal@example.org,1514843497,Male,2019-06-17,22200,Sales Executive,47
290,Chandani,Banik,yashvi56@example.org,6237866071,Female,2024-11-20,68926,Sales Executive,28
291,Michael,Ramachandran,yadavi34@example.com,6096247501,Male,2019-12-08,59431,Inventory Executive,50
292,Upkaar,Pandya,ijayahanda@example.com,5851969867,Male,2021-09-24,21033,Customer Support,33
293,Anita,Golla,sarthak53@example.org,7871252656,Female,2025-05-26,46217,Customer Support,8
294,Gaurika,Goda,magarkrish@example.com,5213564551,Female,2022-05-25,49614,Store Manager,10
295,Onkar,Chatterjee,sanayamemon@example.com,7907935192,Male,2026-02-05,34580,Customer Support,11
296,Devansh,Rao,hiral25@example.net,8098008857,Male,2024-12-04,64792,Store Manager,7
297,Zehaan,Manda,davidgolla@example.com,1659967272,Male,2022-11-30,46829,Customer Support,8
298,Falguni,Karnik,gaurika97@example.com,2500042314,Female,2024-12-29,26817,Sales Executive,18
299,Maanav,Guha,gnagarajan@example.org,6608206656,Male,2024-04-11,23009,Sales Executive,25
300,Gaurav,Hans,lsundaram@example.org,1390979981,Male,2021-10-12,32519,Cashier,40
301,Vrishti,Dara,aashimadan@example.com,8209817620,Female,2023-09-20,57597,Sales Executive,11
302,Advay,Batta,tbava@example.org,5104773705,Male,2019-05-23,63804,Store Manager,45
303,Dipta,Sibal,gsoman@example.net,2367544237,Female,2023-02-14,48815,Customer Support,3
304,Samaksh,Desai,bcherian@example.com,4053073775,Male,2022-10-23,38040,Inventory Executive,38
305,Yadavi,Buch,malhotrachatura@example.net,1388817451,Female,2020-01-09,24332,Store Manager,6
306,Leena,Badami,rbarad@example.org,5078237423,Female,2022-10-25,43255,Sales Executive,21
307,Nisha,Magar,qthakkar@example.net,7960138980,Female,2021-06-03,46169,Inventory Executive,28
308,Udarsh,Rau,duaeta@example.com,7412051104,Male,2025-07-05,18984,Cashier,1
309,Raksha,Misra,desaimugdha@example.org,8554129593,Female,2018-11-07,58120,Inventory Executive,11
310,Veer,Prashad,eeshapradhan@example.com,1370789573,Male,2019-06-13,51592,Sales Executive,30
311,Aradhana,Morar,xitikhare@example.net,2320264890,Female,2021-01-10,58915,Inventory Executive,34
312,Harish,Oza,faraj19@example.org,1671888394,Male,2020-06-13,27191,Customer Support,21
313,Isha,Hari,malhotramanbir@example.com,0090704567,Female,2022-01-16,75612,Inventory Executive,1
314,Qasim,Dasgupta,goyalneha@example.com,0697723081,Male,2025-11-28,34703,Customer Support,4
315,Gopal,Nagar,snehabutala@example.com,2187967424,Male,2020-09-13,59136,Sales Executive,23
316,Aarna,Koshy,rchowdhury@example.com,3360982669,Female,2019-01-12,59058,Store Manager,11
317,Arin,Garg,patilpahal@example.com,4081683353,Male,2021-06-24,30088,Sales Executive,6
318,Bishakha,Kannan,sbiswas@example.org,3682673305,Female,2018-10-02,51106,Customer Support,49
319,Isaac,Mohan,balivarenya@example.com,7650571000,Male,2025-11-17,43346,Cashier,34
320,Hema,Lall,chaaya37@example.org,1042152061,Female,2022-01-25,41575,Customer Support,28
321,Meera,Mand,hmangat@example.org,4284972428,Female,2018-09-02,40564,Customer Support,31
322,Yash,Tank,kaladipta@example.org,4997432445,Male,2021-12-14,70911,Inventory Executive,39
323,Ekbal,Devan,gagan60@example.org,9463518312,Male,2020-10-06,61623,Cashier,50
324,Triya,Tara,inaya88@example.org,7708873989,Female,2020-03-28,36895,Cashier,29
325,Sudiksha,Rai,baradikshita@example.net,0347548186,Female,2025-01-11,22357,Customer Support,30
326,Qarin,Verma,kotavasatika@example.org,6784843779,Male,2021-09-13,41234,Sales Executive,1
327,Devansh,Wason,manyachander@example.org,8459821334,Male,2022-11-28,23408,Customer Support,48
328,Parth,Madan,jhaverikritika@example.net,3899256832,Male,2023-11-18,43512,Store Manager,32
329,Hredhaan,Subramaniam,warhidar@example.net,2903364936,Male,2018-08-16,66674,Sales Executive,18
330,Zehaan,Varghese,mukherjeerohan@example.org,9157666994,Male,2021-02-09,50265,Sales Executive,42
331,Yahvi,Dasgupta,diya34@example.net,8143318813,Female,2021-06-27,55003,Customer Support,27
332,Hemani,Nazareth,nandinisuri@example.net,8417842442,Female,2020-05-09,45370,Sales Executive,45
333,Ekalinga,Krishna,jatin42@example.com,2508848640,Male,2025-06-08,62220,Sales Executive,41
334,Ekiya,Pau,sraja@example.net,4570217531,Female,2026-04-28,74538,Store Manager,19
335,Chandani,Dhar,lpadmanabhan@example.net,2335282336,Female,2025-11-22,47838,Store Manager,47
336,Girish,Walia,ykara@example.com,6292037223,Male,2021-12-25,75433,Cashier,22
337,Vedhika,Badal,rpall@example.org,5882266975,Female,2024-04-15,43885,Customer Support,38
338,Yuvraj,Gopal,birvasana@example.net,8830861176,Male,2022-08-15,72007,Store Manager,8
339,Eta,Kuruvilla,yadavi05@example.net,2178264310,Female,2024-02-01,52573,Cashier,30
340,Kashvi,Borah,ayush73@example.net,7533280205,Female,2020-11-11,44100,Cashier,30
341,Osha,Upadhyay,senguptaaashi@example.com,3349308554,Female,2024-11-25,30962,Customer Support,14
342,Arjun,Sami,aadi49@example.net,4159058214,Male,2024-02-29,41239,Cashier,37
343,Chakradhar,Venkatesh,tamanna34@example.org,8477229444,Male,2020-06-17,44375,Cashier,34
344,Raghav,Gill,ira33@example.net,1979822134,Male,2021-12-13,79857,Sales Executive,42
345,Nidra,Dave,damini81@example.net,6208072417,Female,2020-09-29,73214,Customer Support,9
346,Hamsini,Raghavan,jacksonmaharaj@example.org,6052592675,Female,2022-05-10,64191,Sales Executive,34
347,Yashawini,Karan,voraupadhriti@example.org,5641988982,Female,2020-02-23,66651,Cashier,33
348,Advay,Sarraf,prabhugirik@example.com,7719623067,Male,2022-08-13,26030,Inventory Executive,23
349,Aryan,Chokshi,gmurty@example.org,7401125080,Male,2019-03-11,73175,Customer Support,14
350,Nikita,Kumar,abeer26@example.net,0381927226,Female,2021-03-09,45837,Sales Executive,2
351,Chanakya,Saxena,abail@example.org,5193790847,Male,2023-10-30,30811,Inventory Executive,46
352,Rayaan,Shere,rauurmi@example.org,3381342473,Male,2022-09-05,42407,Sales Executive,5
353,Finn,Jhaveri,zansi12@example.net,2048437999,Male,2022-11-25,54343,Sales Executive,22
354,Bhavini,Ahuja,drajagopalan@example.com,0487321901,Female,2021-08-21,37928,Store Manager,30
355,Ekantika,Chahal,dalbir93@example.org,6936917436,Female,2022-02-02,60794,Customer Support,5
356,William,Dutt,mandaltamanna@example.net,7380437620,Male,2021-07-18,49258,Inventory Executive,19
357,Nitesh,Korpal,akalita@example.net,0364302904,Male,2023-09-26,50731,Sales Executive,32
358,Harrison,Solanki,panchalnidhi@example.org,3289819754,Male,2024-04-30,61544,Inventory Executive,11
359,Shravya,Sachar,patricktara@example.org,1015921417,Female,2020-04-12,51940,Store Manager,48
360,Hitesh,Kashyap,wridesh17@example.com,6962717287,Male,2021-10-06,41152,Store Manager,3
361,Hemang,Karpe,bsabharwal@example.com,2120648388,Male,2020-08-08,21586,Cashier,37
362,Wridesh,Mukhopadhyay,obalan@example.com,6546671628,Male,2022-09-17,56104,Customer Support,3
363,Pushti,Wason,savantrehaan@example.org,1835921541,Female,2019-06-03,39363,Customer Support,32
364,Ekbal,Soman,mandalgopal@example.com,1214290063,Male,2025-04-15,34705,Sales Executive,12
365,Deepa,Sethi,kmohan@example.net,3488132302,Female,2021-01-26,23713,Store Manager,42
366,Falak,Pingle,brijeshagarwal@example.com,4157825943,Female,2024-02-25,61688,Sales Executive,46
367,Megha,Sur,yachana30@example.net,4243885167,Female,2021-09-08,58967,Inventory Executive,45
368,Jeevika,Wali,bhavsardamyanti@example.org,1930799750,Female,2022-06-29,18411,Customer Support,1
369,Vedhika,Singhal,rachana19@example.net,3754305453,Female,2026-03-01,45145,Inventory Executive,4
370,Hitesh,Gour,sachdevpahal@example.com,0023554515,Male,2023-07-07,76419,Store Manager,3
371,Naveen,Sha,eiravati94@example.org,3953227017,Male,2022-10-18,24269,Customer Support,11
372,Finn,Karpe,haldersamuel@example.org,0464004508,Male,2020-01-10,26737,Store Manager,38
373,Omkaar,Hayre,daksheshsrivastava@example.net,0507757708,Male,2023-04-28,20831,Inventory Executive,8
374,Sai,Kulkarni,dassaarna@example.org,6689538003,Female,2020-03-02,25705,Store Manager,19
375,Pratyush,Subramanian,kritikagara@example.com,9860903921,Male,2020-12-27,68542,Inventory Executive,27
376,Ayaan,Chaudry,mdoctor@example.net,3498712459,Male,2025-10-15,51619,Store Manager,45
377,Upkaar,Gala,gayathri52@example.org,8874110941,Male,2024-10-31,44618,Sales Executive,35
378,Maanas,Bhat,ckunda@example.org,2170207524,Male,2024-02-19,71529,Inventory Executive,7
379,Lavanya,Sankaran,emorar@example.com,3516155988,Female,2024-09-11,65360,Sales Executive,21
380,Ojasvi,Varty,keyalala@example.com,1067621567,Female,2024-09-16,31338,Inventory Executive,13
381,Vanya,Apte,warhi77@example.com,2308750440,Female,2023-01-16,64453,Store Manager,4
382,Manthan,Nori,anita87@example.org,3191310773,Male,2022-08-25,68744,Sales Executive,13
383,Kamya,Mahajan,manannarula@example.org,7034492455,Female,2020-10-19,30015,Sales Executive,26
384,Diya,Thaman,michael89@example.org,5691029259,Female,2025-06-09,41924,Cashier,7
385,Veer,Bhatt,ubrahmbhatt@example.org,9268435866,Male,2019-09-02,68437,Customer Support,13
386,Henry,Nagi,meera07@example.net,7191222810,Male,2025-02-04,73002,Store Manager,29
387,Naksh,Kade,ksaha@example.net,0855232881,Male,2022-03-23,77382,Customer Support,19
388,Barkha,Rai,ramankai@example.com,5930268829,Female,2022-01-03,38407,Inventory Executive,48
389,Chaitaly,Kale,sakshamdesai@example.com,8262012447,Female,2023-05-26,26478,Customer Support,27
390,Kritika,Hari,hmani@example.org,1025955521,Female,2019-03-05,68885,Inventory Executive,41
391,Kritika,Patla,dharansh@example.org,0304960012,Female,2020-05-26,76739,Inventory Executive,3
392,Tanmayi,Dube,onveer57@example.net,1584692361,Female,2023-09-11,61045,Store Manager,10
393,Pahal,Sur,tgole@example.org,1416850524,Female,2025-11-06,61017,Sales Executive,47
394,Harita,Raj,gdhaliwal@example.net,8536925130,Female,2021-04-11,37205,Cashier,15
395,Ati,Sunder,turviamble@example.com,1244298860,Female,2025-01-04,23514,Store Manager,9
396,Neelima,Rattan,munshilavanya@example.com,3362370316,Female,2018-10-12,30535,Customer Support,47
397,Vincent,Sant,pandityoshita@example.net,6334209525,Male,2026-05-22,19204,Inventory Executive,17
398,Nidhi,Patil,pmani@example.org,3560835725,Female,2026-06-17,21107,Inventory Executive,23
399,Yadavi,Patla,yahvi76@example.com,9499659914,Female,2023-07-12,45826,Inventory Executive,31
400,Imaran,Deol,gargreva@example.org,0433333706,Male,2021-12-22,47171,Customer Support,2
401,Christopher,Tella,kapooryashodhara@example.net,4801004370,Male,2022-01-28,64848,Cashier,37
402,Vedant,Nagy,amara46@example.org,3075037778,Male,2025-09-16,73938,Sales Executive,11
403,Tristan,Gour,vedamorar@example.com,7665595079,Male,2022-11-19,30461,Sales Executive,47
404,Tanveer,Ahluwalia,babunikita@example.org,7080689404,Male,2022-12-26,27532,Cashier,34
405,Oscar,Sastry,chaitanya72@example.org,6179850306,Male,2021-09-19,18195,Inventory Executive,13
406,Yashodhara,Kari,chatterjeeekaja@example.com,6155866046,Female,2022-02-17,18378,Cashier,8
407,Michael,Grewal,tprakash@example.net,3974221117,Male,2025-11-14,21612,Customer Support,17
408,Gopal,Banerjee,fbaria@example.org,8261643808,Male,2018-10-29,27334,Customer Support,14
409,Lipika,Dayal,yvasa@example.org,9378317735,Female,2020-01-24,67167,Inventory Executive,9
410,Ladli,Choudhary,ibhargava@example.org,3394414147,Female,2021-04-28,19552,Inventory Executive,4
411,Shivani,Pradhan,kaulmegha@example.com,9314122918,Female,2019-08-10,71425,Inventory Executive,40
412,Chanchal,Memon,wchadha@example.net,2478305903,Female,2021-05-26,62871,Customer Support,41
413,Ojas,Chandran,abose@example.org,8818417790,Male,2022-09-27,64002,Sales Executive,47
414,Alka,Nigam,charanloke@example.net,0108648522,Female,2021-06-12,77237,Cashier,12
415,Kritika,Sankaran,tejas05@example.org,2409345859,Female,2023-12-24,62628,Store Manager,42
416,Advay,More,zilmil29@example.net,4671566469,Male,2024-02-15,36195,Customer Support,24
417,Ridhi,Rajan,dayamaikara@example.org,3788309053,Female,2023-11-24,25435,Customer Support,20
418,Isaac,Kale,yuvraj04@example.com,7680375902,Male,2025-10-17,18616,Store Manager,29
419,Xiti,Nagar,magrawal@example.org,4006954221,Female,2024-05-28,55238,Customer Support,13
420,Theodore,Dugar,faraschaudhry@example.net,9192457004,Male,2022-10-13,60530,Cashier,48
421,Amaira,Mani,onveer25@example.com,3274021024,Female,2026-06-04,22646,Inventory Executive,43
422,Bakhshi,Bhavsar,vedikanaidu@example.org,5765783300,Male,2024-12-08,73383,Store Manager,43
423,Ikshita,Lad,rachit16@example.com,0875439117,Female,2025-01-08,19196,Customer Support,32
424,Aashi,Rau,kalpityogi@example.net,0267171477,Female,2025-03-13,57359,Store Manager,37
425,Samesh,Goda,qmuni@example.org,0541166070,Male,2018-12-23,19762,Customer Support,20
426,Darpan,Gade,aptesimon@example.net,7835451179,Male,2023-06-01,72662,Customer Support,25
427,Nitara,Shukla,lankanathaniel@example.net,8266173065,Female,2020-01-10,66774,Store Manager,28
428,Nisha,Varughese,abhimanyu85@example.com,6828363547,Female,2024-08-26,18101,Customer Support,35
429,Yashasvi,Kalita,ubikagokhale@example.net,9617429548,Female,2018-09-25,55637,Sales Executive,32
430,Harini,Subramanian,pranganathan@example.net,9014097591,Female,2022-05-07,64063,Sales Executive,47
431,Ekanta,Yadav,matthewdani@example.net,3807166798,Female,2019-10-11,48380,Cashier,39
432,Yagnesh,Modi,pratyushsaxena@example.com,9314488146,Male,2024-06-17,55473,Customer Support,14
433,Raksha,Desai,advikaraman@example.com,1476331893,Female,2020-01-09,48153,Cashier,36
434,Ekanta,Sawhney,grattan@example.org,9380707982,Female,2024-11-29,51073,Customer Support,35
435,Qasim,Luthra,jasmitbal@example.org,1941323486,Male,2024-08-28,47543,Cashier,4
436,Urishilla,Nazareth,saumya24@example.net,8635829077,Female,2024-02-12,39394,Customer Support,28
437,Upma,Soni,majumdarwarda@example.org,0737459885,Female,2025-12-29,54025,Cashier,3
438,Chatura,Halder,chakrabortyvidhi@example.com,9254176314,Male,2018-09-22,51932,Customer Support,33
439,Raksha,Hayre,aashitrivedi@example.com,2122520409,Female,2020-11-11,78545,Inventory Executive,23
440,Ojas,Venkatesh,sureshpushti@example.net,7798053539,Male,2022-03-26,63123,Sales Executive,10
441,Andrew,Khatri,chakrabartifarhan@example.com,9044239428,Male,2024-12-07,72216,Inventory Executive,9
442,Yoshita,Bhasin,anika86@example.org,9680417964,Female,2022-12-16,47019,Inventory Executive,2
443,Chasmum,Ray,idikasoni@example.com,0297966756,Female,2025-12-16,51184,Cashier,5
444,Dhriti,Shukla,camble@example.com,8398308352,Female,2021-03-02,36250,Sales Executive,37
445,Indira,Chaudhry,qyadav@example.org,0187948204,Female,2024-12-02,79713,Sales Executive,28
446,Yahvi,Saxena,ekalla@example.org,0269994074,Female,2021-06-03,45367,Customer Support,44
447,Devika,Handa,kbarad@example.com,7031702813,Female,2022-03-24,38236,Cashier,48
448,Fariq,Krish,chavvikannan@example.com,4900902399,Male,2025-07-28,28245,Customer Support,1
449,Ishani,Munshi,frederickkonda@example.net,7852783657,Female,2020-10-04,35065,Cashier,22
450,Amrita,Padmanabhan,varmaaishani@example.org,2100166282,Female,2025-03-13,62959,Store Manager,26
451,Samaksh,Doshi,pratyushtailor@example.com,1867306659,Male,2019-01-14,37039,Cashier,44
452,Michael,Chaudhry,jairajmorar@example.com,7719826861,Male,2021-12-16,72518,Inventory Executive,2
453,Upasna,Dora,zaitramistry@example.com,6739344783,Female,2021-04-11,59411,Customer Support,26
454,Brijesh,Mishra,deshpandeisha@example.net,6816587480,Male,2023-11-04,59466,Store Manager,47
455,Warda,Pau,deolvedhika@example.org,7393429418,Female,2019-08-20,22572,Cashier,10
456,Simon,Sampath,avihalder@example.net,8059213197,Male,2024-12-05,48756,Customer Support,7
457,Kashvi,Hegde,yadavijayaraman@example.org,1501074889,Female,2018-09-08,35535,Customer Support,17
458,Dayamai,Raghavan,baljiwan95@example.net,7274313742,Female,2021-09-12,29146,Cashier,2
459,Zashil,Wadhwa,sara21@example.net,7012768809,Male,2025-05-29,32841,Customer Support,19
460,Jack,Thaker,omanda@example.net,4497022562,Male,2021-06-05,43635,Sales Executive,12
461,Vedhika,Sankaran,fkuruvilla@example.com,8649644271,Female,2024-02-22,61241,Inventory Executive,10
462,Ekantika,Bail,eparekh@example.net,9983987529,Female,2019-07-07,22344,Customer Support,42
463,Caleb,Ganguly,manderyash@example.com,8307797819,Male,2022-09-12,77667,Customer Support,25
464,Liam,Bala,yutikamadan@example.net,4990948758,Male,2025-04-28,41517,Sales Executive,2
465,Shravya,Som,sethwazir@example.org,0602753120,Female,2021-02-25,35732,Sales Executive,27
466,Lajita,Tata,bediaarnav@example.net,9227464431,Female,2020-04-28,73160,Cashier,50
467,Advaith,Parmar,xgulati@example.org,3418971623,Male,2021-10-22,55911,Sales Executive,5
468,Kavya,Sibal,yochanabajwa@example.com,2357094548,Female,2024-08-08,72506,Store Manager,19
469,Nitara,Mand,ubikanaik@example.org,5966185188,Female,2019-08-18,75024,Customer Support,27
470,Abdul,Bhat,thomas83@example.net,8771336259,Male,2026-05-17,76160,Store Manager,35
471,Yauvani,Tella,christophervaidya@example.org,0764085929,Female,2019-11-07,32695,Customer Support,49
472,Girish,Gill,bishakhawarrior@example.org,5556786914,Male,2019-12-24,20661,Store Manager,25
473,Ojas,Sur,wishisathe@example.net,0589018887,Male,2021-04-21,40762,Cashier,21
474,Avi,Setty,rohan96@example.net,0193035096,Male,2021-10-15,55831,Sales Executive,15
475,Qushi,Ratta,raksha14@example.org,8367064525,Female,2023-09-12,66863,Store Manager,6
476,Fariq,Narula,ukalla@example.com,4559157214,Male,2026-05-22,76135,Inventory Executive,43
477,Janya,Tata,rachanataneja@example.com,9332461605,Female,2018-08-09,39822,Customer Support,27
478,Zilmil,Yadav,jeet06@example.com,6925417399,Female,2025-09-18,64941,Cashier,28
479,Bimala,Behl,phora@example.net,4818831450,Female,2023-03-07,55323,Sales Executive,11
480,Ayaan,Bajaj,zverma@example.org,9588737508,Male,2020-02-22,75909,Inventory Executive,50
481,Chatresh,Das,iryashah@example.com,8936756590,Male,2022-10-07,22502,Sales Executive,30
482,Qushi,Sarkar,tkale@example.com,1047658824,Female,2024-08-29,21415,Inventory Executive,31
483,Rayaan,Varty,pushti47@example.net,8472753312,Male,2022-10-07,76388,Cashier,28
484,Devansh,Palla,garima71@example.net,6816528173,Male,2020-05-17,56523,Sales Executive,11
485,Tanvi,Dave,ghoseindira@example.net,4585604704,Female,2018-09-04,60110,Inventory Executive,46
486,Oni,Kari,bkarnik@example.net,9132997795,Female,2020-01-27,28750,Sales Executive,27
487,Patrick,Rajan,harinidoctor@example.net,0930632191,Male,2021-02-13,66443,Inventory Executive,13
488,Riya,Bava,ibaral@example.net,1887943308,Female,2023-07-03,44570,Inventory Executive,39
489,Ikshita,Lala,rauhardik@example.com,8450792140,Female,2025-07-11,35787,Cashier,31
490,Jack,Basu,bhavnabose@example.org,1352061436,Male,2024-11-25,38386,Store Manager,7
491,Nisha,Lall,jagatchaudhary@example.org,8793898410,Female,2025-10-24,20718,Cashier,22
492,Udyati,Prasad,yahvi18@example.net,5862689822,Female,2021-06-09,66901,Sales Executive,40
493,Ojas,Narayan,lipika07@example.com,9851613328,Male,2024-06-03,44974,Customer Support,6
494,Alexander,Chahal,kvora@example.org,7618615066,Male,2025-04-01,36321,Inventory Executive,39
495,Henry,Kapadia,sanedarsh@example.com,1030383576,Male,2019-04-04,32353,Store Manager,4
496,Ekalinga,Singhal,kaisharma@example.org,2751003370,Male,2018-10-07,53676,Sales Executive,37
497,Osha,Bali,hanand@example.org,0062264258,Female,2023-09-14,22719,Sales Executive,22
498,Krishna,Thakur,ichaudhary@example.com,0838777538,Female,2022-05-31,21217,Sales Executive,4
499,Edhitha,Keer,kritikamadan@example.net,7046753964,Female,2024-03-24,74460,Customer Support,46
500,Dalaja,Iyer,luckymanda@example.net,9673750929,Female,2024-09-20,22137,Cashier,29
